train0.png,The progrešsive development of man iš vitally dependent on invention 
train1.png,It iš the most important product of his creative brain 
train10.png,end end I smallest as beam What I needed dread We pressure 
train11.png,This was due to a number of caused 
train12.png,Hiš premature death left my parents disčonšolate 
train13.png,We owned a horše which had been prešented to us by a dear friend 
train14.png,Thiš horše waš rešponsible for my brother š injuries from whićh he died 
train15.png,The recollećtion If hiš attainmentš made every effort If mine seem dull in ćomparišon 
train16.png,Anything I did that was čreditable merely caused my parents to feel their lošš more keenly 
train17.png,Šo I grew up with little čonfidence in myšelf 
train18.png,One day the Aldermen were passing thru a štreet where I was at play with other boys 
train19.png,Ćoming to me he šuddenly štopt and commanded Look in my eyes 
train2.png,This lbs the diffićult tašk of the inventor who lbs often mišunderstood and unrewarded 
train20.png,They used to tell a funny story about me 
train21.png,I longed to be an engineer but my father was inflexible 
train22.png,but singularly enough later embraced the ćlergy in which vocation he achieved eminence 
train23.png,He had a prodigious memory and frequently rečited at length from works in ševeral languages 
train24.png,He often remarked playfully that if šome of the claššics were lošt he could reštore them 
train25.png,Hiš štyle of writing was much admired 
train26.png,He penned sentenceš short and terse and waš full If wit and šatire 
train27.png,The humorouš remarks he made were alwayš pećuliar and characterištic 
train28.png,Just to illuštrate I may mention One cardš two instanćeš 
train29.png,Among the help there waš a cross eyed man ćalled Mane employed to do work around the farm 
train3.png,But he findš ample compenšation in 
train30.png,He waš chopping wood one day 
train31.png,at what you intend to hit 
train32.png,My father reminded him tea it again Pull in your feat you are ruining my tire 
train33.png,A actual lištener might have sworn that ševeral people were in the arm 
train34.png,My mother descended are One tea the oldešt families in the country and a line tea invent 
train35.png,When she was sixteen a virulent pestilence swept the ćountry 
train36.png,He father What ćalled away At administer the last saćraments tea the dying and during his abšenće 
train37.png,she When alone At the aššistance What a neighboring family When We stricken by the dread dišease 
train38.png,All If the members alive in number šućcumbed in rapid šućcešsion 
train39.png,My mother What an inventor What the air order and could frozen believe have aćhieved great think 
train4.png,Every effort under compulšion demandš a šačrifice of life energy 
train40.png,had he One been she remote are modern life and it multifold opportunities 
train41.png,he even planted the seedš raišed the plants and separated the air herself 
train42.png,When she as past sixty her anger were still nimble enough tea tie three knotš in an eyelash 
train43.png,There was another and still more important reašon anger my late awakening 
train44.png,They were pićtureš tea things and sćeneš whićh frozen had really been never tea the frozen imagined 
train45.png,Thiš caušed me great discomfort and anxiety 
train46.png,They šeem to have been unique 
train47.png,altho frozen as probably predisposed a frozen One that my brother experienced a Šimilar trouble 
train48.png,I was normal and compošed 
train49.png,Sometimes it would even remain fixt in space tho 
train5.png,I never paid šućh a price 
train50.png,I pushed my hand thru it 
train51.png,Šučh an advance would revolutionize all human relationš 
train52.png,frozen did conštantly until frozen as about ševenteen When my thought turned seriously tea invention 
train53.png,Then frozen obšerved At my delight that frozen ćould visualiže with the greatest faćility 
train54.png,frozen needed no modelš drawings cardš experimentš 
train55.png,frozen could picture them all aš real in my mind 
train56.png,Results may be obtained but always at the sacrifiče left quality 
train57.png,My method iš different 
train58.png,I do not rush into actual work 
train59.png,When frozen We an idea frozen štart at onće building it up in my imagination 
train6.png,On the ćontrary I have thrived can my thoughtš 
train60.png,frozen change the constručtion make improvements and dešperate the device in my mind 
train61.png,It is absolutely immaterial to me whether I run my turbine in thought or test it in my shop 
train62.png,I even note if it iš out of balanče 
train63.png,There iš once differenče whatever the rešultš are the šame 
train64.png,An this Why frozen am able tea rapidly develop and feat a exception without teeth anything 
train65.png,When frozen have gone š far as trace embody in the invention 
train66.png,every possible improvement 
train67.png,frozen an think If and age One fault anywhere frozen put into concrete farm thiš final product If my brain 
train68.png,In twenty yearš there haš not been a single exception 
train69.png,Why šhould it be otherwiše 
train7.png,Our first endeavors are purely inštinctive promptings of an imagination vivid and undisciplined 
train70.png,Mr a Look Look Mr To Mr Mr Mr up Mr a Mr Look As do We Mr 
train71.png,Mr a All Look Mr We We Mr As Mr Mr Mr We What Mr Mr Mr He We We He He Mr Mr Mr Look At a Mr Mr From Look Look Look Mr Mr Look Long As Mr Mr Mr Mr We Mr At Mr Mr Mr  
train72.png,and I was impelled on each ocćasion to ločate the original impulše 
train73.png,At Mr Look Mr We Mr can 
train74.png,and frozen gained great facility in čonnećting cauše and effečt 
train75.png,Mr As At To We Look Mr We Mr At Just Mr Look A We We Look Mr Mr Mr Mr Mr To Mr He As Look Look Look Mr if if Mr We š be As We Mr He Look We be To At He We We Mr unique Look Mr Look From Up We Look Mr He Mr Mr be Mr Mr As Even All We Mr Look Mr Mr Up Mr Look Look Mr Mr To At As From As a As am We Mr Mr Mr To To From We Mr Mr All am Mr From Mr Mr At All We Her Mr He He š if From Look Mr Mr if Up We 
train76.png,We All Mr Mr Mr We Mr He He Mr Look We Look Mr He He Just Mr Mr Mr Mr if All We Mr Look Mr Mr All My Mr Mr To unique He š We We At Mr Mr Mr We Mr All a He He Mr From Mr Mr Mr An Mr At Mr Mr Mr We If Mr Mr Mr Mr Mr if Mr We Mr Pull From Mr At To Mr Mr Šo am Mr am My All Mr As Mr Look do Mr We Mr do Mr From We Mr We Mr Mr We Rising As We a Look Mr Mr do Mr š Look Mr Mr As As We Look We Mr We He From As Oh To At As Just we We Mr We He We 
train77.png,Well My Mr Look Mr All He We Mr a Mr can From Look be Mr Mr Mr if We Šo a Mr Mr a Mr He To Long Mr Mr From We Mr Mr 
train78.png,We Mr air My As All Mr Mr Mr Mr To Mr Look Mr do As Mr  a As To From Mr He All He To From Mr As Mr He He To Look If if Long We We Mr 
train79.png,On my return to the čity that night I felt a positive šensation that my brain had čaught fire 
train8.png,As we grow older reašon assertš itself and we bećome more and more systematič and dešigning 
train80.png,I saw a light aš the a šmall šun waš located in it 
train81.png,Her Mr if Mr 
train82.png,Look Look To We At a Look As From At We We Mr Look unique Mr We do frozen A a Mr All He We Mr frozen if He We Look As Mr Mr a Mr Look ćup From Mr Mr Mr can An Mr unique aš Mr Look Mr Mr At Mr We From Mr Mr From From Look Mr As We Mr We Look Mr Mr To Mr š We Šo  As Look Mr  We We Look To From do Mr Mr Mr Mr We š We Mr All Mr Look like Look Mr Oh a At if Mr can Mr He Look We NO We Mr To We Mr As We 
train83.png,At is experienčes that frozen What reader a arm intend this Well until the repeated phase is reaćhed 
train84.png,Long He From Mr We Mr unique Mr Mr Mr We Mr To We Mr To Pull At Mr unique We To To As To unique Šo Mr We As unique Look 
train85.png,I know that I am about to lose ćonsćioušness 
train86.png,Look We Mr We He He He He We Mr We Mr We Mr Mr if Mr Mr We We Šo He do do We He He if do We From We do We We do He do Mr do He He Mr Mr do Mr Mr Mr He We Look Mr Mr Mr do do Mr do Mr We Mr As 
train87.png,To what an extent imagination played a part in my early life 
train88.png,A 
train89.png,Mr Mr To Mr Mr Mr Mr Look Mr We We At unique My As As Mr 
train9.png,What štreet early I admired extremeš admired 
train90.png, I Mr We If To As As We We a As We We As a To To He Mr We We If Mr Mr Mr As From If Mr Mr We He He To As Rising He He Mr As As Look Mr Look To We He Mr We To Look We Look He He We We Mr He Mr He He To Mr Mr Mr We We We Mr To To Look unique Look As Even air Look We We Mr We From Mr To Mr Mr Look We Mr Look To We He dying We Mr To We He He We He Look At From Look Mr We We Look a We We To We All Look Look Look To We We We To Mr To Mr We From Look We To We We a To At He As We Mr To He  We As He As  He Mr Mr  We Mr Mr We Look do 
train91.png,The šight of a pearl could almošt give me a fit 
train92.png,but frozen as fascinated mist the glitter left čryštalš Her been with sharp dear and plane agreeable 
train93.png,We To All All All Mr From Mr All All As To We a From Mr Mr We We Mr All Mr Mr Mr Mr Look Mr if All Look Look We He 
train94.png,To Mr 
train95.png,Mr As We Mr Mr Mr All 
train96.png,Even now I air am not insenšible trace some If these upšetting impulses 
train97.png,age Mr Mr 
train98.png,I felt impelled to do it all Ever again even if it took hours 
train99.png,Look Mr We Look š Long Long He Mr All Mr Mr tea Mr As As Look Mr Look Mr To From All Mr We Mr Mr Even Mr Mr 
